BackgroundRed,BackgroundGreen,BackgroundBlue,TextRed,TextGreen,TextBlue
0.21250000000000002,0.09999999999999998,1,0.09999999999999998,1,0.6625
