BackgroundRed,BackgroundGreen,BackgroundBlue,TextRed,TextGreen,TextBlue
1,0.19999999999999996,0.19999999999999996,1,0.19999999999999996,0.19999999999999996
