opt_name,val
clock,1
tenki,270000
prefecture,
haikei,2
idokeido,34.69612,135.508
weatherday,1
fontcolor,"[0.29999999999999993, 0.19999999999999996, 1, 1]",1,0.55,1
backcolor,"[1, 0.5625, 0.30000000000000004, 1]",1,0.55,1
